City_ID,City,Lat,Lng,Max Temp,Humidity,Cloudiness,Wind Speed,Country,Date
0,college,64.8569,-147.8028,-13.01,82,40,2.57,US,1730083742
1,hilton head island,32.2163,-80.7526,18.88,70,100,5.66,US,1730083743
2,margaret river,-33.95,115.0667,20.94,48,0,2.88,AU,1730083744
3,kristinestad,62.2743,21.376,8.06,76,2,5.69,FI,1730083746
4,borodulikha,50.7184,80.9295,8.58,77,100,6.86,KZ,1730083748
5,albany,42.6001,-73.9662,7.23,70,24,0.45,US,1730083448
6,blackmans bay,-43.0167,147.3167,15.96,46,69,3.58,AU,1730083750
7,al bardiyah,31.7561,25.0865,20.07,64,59,4.76,LY,1730083751
8,midvagur,62.0511,-7.1939,4.46,87,75,0.0,FO,1730083753
9,xining,36.6167,101.7667,8.01,44,3,1.7,CN,1730083754
10,kuching,1.55,110.3333,35.61,57,20,3.13,MY,1730083755
11,aripuana,-9.1667,-60.6333,22.42,99,100,1.26,BR,1730083756
12,tostedt,53.2833,9.7167,7.62,96,100,3.08,DE,1730083757
13,nyurba,63.2842,118.3319,-7.33,93,100,2.26,RU,1730083758
14,port-aux-francais,-49.35,70.2167,2.8,75,98,14.16,TF,1730083759
15,port alfred,-33.5906,26.891,18.08,48,93,7.93,ZA,1730083760
16,cedeira,43.6797,-8.0209,14.9,91,100,6.94,ES,1730083761
17,stanley,54.868,-1.6985,11.82,96,40,0.51,GB,1730083763
18,ivdel',60.6911,60.4206,-1.18,92,97,1.35,RU,1730083764
19,callao,-12.0667,-77.15,18.18,77,0,5.66,PE,1730083348
20,hamilton,39.1834,-84.5333,9.38,67,0,1.34,US,1730083702
21,aksu,41.1231,80.2644,12.68,31,100,1.88,CN,1730083767
22,vila franca do campo,37.7167,-25.4333,18.27,99,75,2.6,PT,1730083768
23,saynshand,44.8824,110.1163,7.41,48,100,5.12,MN,1730083771
24,east london,-33.0153,27.9116,16.99,45,0,5.57,ZA,1730083770
25,jamestown,42.097,-79.2353,6.8,65,0,1.54,US,1730083533
26,muisne,0.6,-80.0333,23.91,87,100,3.99,EC,1730083775
27,howard springs,-12.497,131.047,34.99,61,21,1.9,AU,1730083778
28,adamstown,-25.066,-130.1015,21.7,80,55,4.15,PN,1730083635
29,ribeira grande,38.5167,-28.7,17.65,83,15,2.24,PT,1730083780
30,lata,40.1629,-8.3327,7.67,87,18,2.8,PT,1730083781
31,grytviken,-54.2811,-36.5092,-2.36,83,22,1.21,GS,1730083782
32,invercargill,-46.4,168.35,11.68,72,82,6.71,NZ,1730083659
33,utrik,11.2278,169.8474,28.47,76,100,3.24,MH,1730083784
34,nyagan,62.1406,65.3936,-1.65,94,66,1.93,RU,1730083786
35,papatowai,-46.5619,169.4708,8.84,85,95,4.97,NZ,1730083787
36,sisimiut,66.9395,-53.6735,-8.59,60,100,3.11,GL,1730083788
37,axim,4.8699,-2.2405,25.06,91,12,3.14,GH,1730083789
38,edinburgh of the seven seas,-37.0676,-12.3116,15.98,91,100,17.26,SH,1730083790
39,lihue,21.9789,-159.3672,25.77,76,75,7.72,US,1730083791
40,al quwayrah,29.8004,35.3116,14.06,64,0,3.03,JO,1730083792
41,dubrovnik,42.6481,18.0922,13.8,94,20,1.03,HR,1730083793
42,mount gambier,-37.8333,140.7667,17.07,46,51,4.26,AU,1730083795
43,raduzhnyy,62.0961,77.475,0.07,97,100,0.81,RU,1730083797
44,chania,35.5122,24.0156,14.78,88,20,0.0,GR,1730083798
45,colonia,50.9333,6.95,14.98,92,100,1.54,DE,1730083677
46,west island,-12.1568,96.8225,28.99,74,20,5.66,CC,1730083800
47,atafu village,-8.5421,-172.5159,27.84,74,100,5.32,TK,1730083801
48,hermanus,-34.4187,19.2345,16.56,87,100,8.51,ZA,1730083803
49,tiksi,71.6872,128.8694,-14.78,94,100,2.21,RU,1730083804
50,faya-largeau,17.9257,19.1043,21.86,21,35,9.17,TD,1730083805
51,port isabel,26.0734,-97.2086,24.02,78,0,3.09,US,1730083806
52,bethel,41.3712,-73.414,6.3,57,100,0.45,US,1730083786
53,eyl,7.9803,49.8164,25.87,82,90,2.39,SO,1730083808
54,susuman,62.7833,148.1667,-14.14,86,100,1.33,RU,1730083809
55,yamada,39.4667,141.95,16.82,72,97,2.08,JP,1730083810
56,puerto baquerizo moreno,-0.9,-89.6,20.09,81,74,4.32,EC,1730083812
57,wailua homesteads,22.0669,-159.378,25.44,80,75,7.72,US,1730083813
58,nahiyat ash shinafiyah,31.5874,44.6602,17.24,28,0,4.33,IQ,1730083815
59,bilibino,68.0546,166.4372,-10.04,91,100,1.81,RU,1730083817
60,oranjemund,-28.55,16.4333,13.3,69,72,1.07,NA,1730083818
61,kodiak,57.79,-152.4072,3.73,75,0,0.0,US,1730083819
62,muli,2.9167,73.5667,28.21,69,66,6.7,MV,1730083820
63,hawaiian paradise park,19.5933,-154.9731,24.94,96,100,3.01,US,1730083821
64,nizhniy kuranakh,58.8353,125.4869,-3.74,90,99,0.64,RU,1730083822
65,thunder bay,48.4001,-89.3168,4.99,70,100,7.72,CA,1730083823
66,sinop,41.7711,34.8709,8.24,71,0,1.95,TR,1730083824
67,salaga,8.5508,-0.5188,25.31,76,9,1.14,GH,1730083826
68,arraial do cabo,-22.9661,-42.0278,22.28,72,100,3.87,BR,1730083827
69,crossett,33.1282,-91.9612,19.81,76,0,2.36,US,1730083828
70,waitangi,-43.9535,-176.5597,9.9,98,67,5.81,NZ,1730083829
71,olyokminsk,60.3736,120.4264,-2.03,88,98,2.28,RU,1730083830
72,twon-brass,4.3151,6.2418,26.67,83,95,3.97,NG,1730083832
73,erenhot,43.6475,111.9767,9.02,51,100,6.55,CN,1730083833
74,keflavik,64.0049,-22.5624,2.24,87,75,5.14,IS,1730083834
75,atlantic city,39.3643,-74.4229,10.55,78,14,0.89,US,1730083835
76,dapa,9.7594,126.0531,29.56,72,79,9.98,PH,1730083836
77,la passe,45.5549,-0.8967,12.53,89,0,1.62,FR,1730083837
78,maintirano,-18.0667,44.0167,25.02,81,0,1.39,MG,1730083838
79,vorgashor,67.5833,63.95,-1.19,88,100,2.82,RU,1730083839
80,kapuskasing,49.4169,-82.4331,-3.0,68,0,1.03,CA,1730083841
81,mao,39.8885,4.2658,20.31,88,75,5.66,ES,1730083842
82,vanimo,-2.6741,141.3028,30.73,62,40,4.59,PG,1730083843
83,lubuklinggau,-3.3,102.8667,34.07,36,1,0.78,ID,1730083844
84,belyy yar,53.6039,91.3903,3.94,87,0,0.0,RU,1730083845
85,carnarvon,-24.8667,113.6333,29.31,44,0,5.2,AU,1730083846
86,sweetwater,25.7634,-80.3731,25.01,70,75,3.6,US,1730083847
87,ushuaia,-54.8,-68.3,4.81,87,75,5.66,AR,1730083412
88,uturoa,-16.7333,-151.4333,25.25,72,22,5.54,PF,1730083850
89,puerto ayora,-0.7393,-90.3518,20.31,94,63,1.34,EC,1730083851
90,sake,-1.5736,29.045,16.44,95,91,0.22,CD,1730083852
91,saipan,15.1355,145.701,30.39,79,75,4.63,MP,1730083853
92,sosnogorsk,63.6023,53.8817,-0.17,85,49,1.31,RU,1730083854
93,portland,45.5234,-122.6762,11.36,93,53,1.79,US,1730083364
94,kapa'a,22.0752,-159.319,26.18,82,75,7.72,US,1730083856
95,happy valley-goose bay,53.3168,-60.3315,1.17,86,100,4.63,CA,1730083858
96,yellowknife,62.456,-114.3525,-0.33,100,100,2.57,CA,1730083859
97,ilulissat,69.2167,-51.1,-11.99,48,9,1.54,GL,1730083860
98,lazaro cardenas,17.9583,-102.2,26.68,79,0,1.27,MX,1730083861
99,fereydunshahr,32.941,50.121,0.77,59,1,2.64,IR,1730083862
100,ad darb,17.7229,42.2526,29.39,67,75,1.22,SA,1730083863
101,isabela,6.7085,121.9711,31.03,71,100,3.18,PH,1730083864
102,cookstown,54.6431,-6.746,13.17,95,100,4.42,GB,1730083865
103,thompson,55.7435,-97.8558,-1.91,69,100,3.09,CA,1730083867
104,remiremont,48.0175,6.5882,11.3,92,7,1.08,FR,1730083868
105,kerikeri,-35.2268,173.9474,18.52,41,14,4.84,NZ,1730083869
106,tazovsky,67.4667,78.7,-3.07,97,100,3.47,RU,1730083870
107,las tablas,7.7667,-80.2833,26.21,99,100,2.43,PA,1730083871
108,vishnyeva,54.7122,26.5225,7.79,84,99,3.11,BY,1730083872
109,qaqortoq,60.7167,-46.0333,0.26,99,100,3.07,GL,1730083873
110,kirillov,59.863,38.3813,1.27,90,4,2.92,RU,1730083874
111,battagram,34.6772,73.0233,21.36,34,71,0.69,PK,1730083876
112,elko,41.0002,-115.5012,14.01,19,100,2.24,US,1730083877
113,hammerfest,70.6634,23.6821,5.25,93,20,3.09,NO,1730083878
114,moka,36.4333,140.0167,18.84,83,98,1.81,JP,1730083879
115,griffith,41.5284,-87.4237,6.96,81,0,0.0,US,1730083846
116,ewo,-0.8725,14.8206,22.25,97,100,0.91,CG,1730083881
117,kirensk,57.7853,108.1119,0.13,93,98,2.01,RU,1730083882
118,pisco,-13.7,-76.2167,17.23,88,0,5.14,PE,1730083740
119,klaksvik,62.2266,-6.589,5.53,63,97,4.05,FO,1730083885
120,saudarkrokur,65.7461,-19.6394,-4.52,83,76,5.83,IS,1730083887
121,amga,60.8953,131.9608,-14.64,86,96,0.26,RU,1730083888
122,whitehorse,60.7161,-135.0538,-5.55,79,75,2.06,CA,1730083889
123,dryden,49.7833,-92.7503,4.16,81,100,6.69,CA,1730083891
124,klyuchi,52.2667,79.1667,7.22,69,100,5.77,RU,1730083892
125,quellon,-43.1167,-73.6167,7.91,91,27,1.92,CL,1730083893
126,adrar,20.5022,-10.0711,21.44,26,100,4.48,MR,1730083894
127,mount isa,-20.7333,139.5,37.87,12,4,5.14,AU,1730083895
128,kurchum,48.5722,83.6542,8.69,59,100,1.96,KZ,1730083897
129,avarua,-21.2078,-159.775,24.03,60,20,3.6,CK,1730083898
130,longyearbyen,78.2186,15.6401,-1.09,93,40,1.03,SJ,1730083899
131,nova sintra,14.8667,-24.7167,25.93,76,90,10.01,CV,1730083900
132,north bay,46.3168,-79.4663,0.01,93,100,0.0,CA,1730083645
133,punta arenas,-53.15,-70.9167,7.06,87,75,12.86,CL,1730083902
134,iskateley,67.6803,53.1512,-0.64,90,28,5.65,RU,1730083903
135,manta,-0.95,-80.7333,21.88,83,75,4.63,EC,1730083905
136,berdigestyakh,62.0989,126.6992,-13.77,86,41,1.09,RU,1730083906
137,isafjordur,66.0755,-23.124,-1.59,66,98,4.55,IS,1730083907
138,walvis bay,-22.9575,14.5053,11.5,78,9,4.17,NA,1730083908
139,petropavlovsk-kamchatsky,53.0452,158.6483,3.33,45,75,3.0,RU,1730083663
140,mahriz,31.5917,54.4318,9.98,44,0,1.41,IR,1730083910
141,xichang,27.8964,102.2634,18.34,66,73,1.22,CN,1730083911
142,esquel,-42.9,-71.3167,6.96,71,81,2.98,AR,1730083913
143,port elizabeth,-33.918,25.5701,14.16,88,0,4.63,ZA,1730083914
144,christchurch,-43.5333,172.6333,16.29,63,60,6.69,NZ,1730083621
145,iqaluit,63.7506,-68.5145,-4.15,80,75,7.2,CA,1730083916
146,cadale,2.7603,46.3222,25.28,86,99,3.77,SO,1730083917
147,nuku'alofa,-21.1333,-175.2,27.19,89,40,2.06,TO,1730083918
148,didwana,27.4,74.5667,26.85,34,7,4.31,IN,1730083919
149,dabakala,8.3667,-4.4333,23.65,85,13,1.14,CI,1730083921
150,tamanrasset,22.785,5.5228,18.95,24,0,2.57,DZ,1730083922
151,udachny,66.4167,112.4,-17.06,95,93,1.52,RU,1730083924
152,alice springs,-23.7,133.8833,33.75,13,0,10.29,AU,1730083925
153,mulanje,-16.0316,35.5,25.2,54,32,4.76,MW,1730083926
154,la'ie,21.6477,-157.9253,26.66,83,25,3.13,US,1730083927
155,nalut,30.3333,10.85,21.15,25,69,7.46,LY,1730083929
156,borogontsy,62.6683,131.1683,-15.98,87,80,0.38,RU,1730083930
157,yorkton,51.2167,-102.4677,5.91,65,75,7.72,CA,1730083931
158,saldanha,-33.0117,17.9442,16.03,95,8,7.25,ZA,1730083932
159,deniliquin,-35.5333,144.9667,24.86,21,10,6.13,AU,1730083933
160,acarau,-2.8856,-40.12,25.86,79,5,7.15,BR,1730083934
161,bredasdorp,-34.5322,20.0403,15.98,90,100,9.14,ZA,1730083935
162,port de pollenca,39.9075,3.0814,18.34,86,100,1.99,ES,1730083936
163,port-vila,-17.7338,168.3219,26.78,83,75,5.66,VU,1730083939
164,port lincoln,-34.7333,135.8667,17.26,61,11,5.02,AU,1730083940
165,puerto natales,-51.7236,-72.4875,7.05,90,100,8.35,CL,1730083941
166,colchani,-20.3,-66.9333,10.95,32,0,1.17,BO,1730083942
167,umba,66.6871,34.3429,4.33,94,99,8.63,RU,1730083943
168,dakhla,23.6848,-15.958,19.02,88,1,6.47,EH,1730083944
169,port mathurin,-19.6833,63.4167,23.89,76,0,6.67,MU,1730083946
170,polyarnyy,69.1989,33.4478,6.26,88,100,10.57,RU,1730083947
171,kone,-21.0595,164.8658,29.22,47,48,2.42,NC,1730083949
172,katsuura,35.1333,140.3,19.97,95,100,6.54,JP,1730083664
173,puerto penasco,31.3167,-113.5333,27.24,41,1,1.59,MX,1730083951
174,pailon,-17.65,-62.75,20.28,83,69,1.82,BO,1730083953
175,quelimane,-17.8786,36.8883,24.97,94,0,4.63,MZ,1730083954
176,bahia de kino,28.8333,-111.9333,27.26,54,2,3.41,MX,1730083955
177,maych'ew,12.7875,39.5422,12.51,92,27,2.36,ET,1730083956
178,lebu,-37.6167,-73.65,9.55,94,1,7.27,CL,1730083957
179,lompoc,34.6391,-120.4579,16.5,87,75,6.26,US,1730083846
180,lubao,14.9167,120.55,29.84,66,92,3.02,PH,1730083959
181,faro,37.0194,-7.9322,11.88,82,0,3.6,PT,1730083841
182,nadym,65.5333,72.5167,-5.76,95,95,3.07,RU,1730083962
183,sola,-13.8833,167.55,26.23,84,100,4.94,VU,1730083963
184,codrington,-38.2667,141.9667,15.01,57,70,5.69,AU,1730083964
185,bandon,51.7469,-8.7425,14.77,98,100,6.24,IE,1730083965
186,cill airne,52.05,-9.5167,13.75,99,100,2.71,IE,1730083966
187,praia,14.9215,-23.5087,24.3,78,20,5.66,CV,1730083967
188,aykhal,66.0,111.5,-17.5,97,92,2.01,RU,1730083968
189,birao,10.2849,22.7882,21.42,34,100,2.25,CF,1730083970
190,malanje,-9.5402,16.341,18.99,94,100,1.22,AO,1730083972
191,akureyri,65.6835,-18.0878,-5.04,80,100,3.6,IS,1730083973
192,tete,-16.1564,33.5867,27.05,39,0,0.0,MZ,1730083974
193,menaka,15.9182,2.4022,27.42,17,12,3.54,ML,1730083975
194,ruwandiz,36.6163,44.5311,11.03,49,0,2.1,IQ,1730083976
195,mahina,-17.5065,-149.489,27.87,65,75,3.6,PF,1730083978
196,olonkinbyen,70.9221,-8.7187,-5.01,81,100,19.08,SJ,1730083979
197,cangzhou,38.3167,116.8667,15.27,49,99,2.25,CN,1730083980
198,namibe,-15.1961,12.1522,17.9,84,31,1.37,AO,1730083981
199,zabaykal'sk,49.6333,117.3167,5.5,54,31,3.07,RU,1730083982
200,anadyr,64.75,177.4833,-3.72,85,40,9.0,RU,1730083983
201,hinton,53.4001,-117.5857,0.07,97,96,1.87,CA,1730083984
202,tibati,6.4667,12.6333,18.73,70,90,0.83,CM,1730083986
203,punta del este,-34.9667,-54.95,16.04,83,0,3.13,UY,1730083987
204,malango,-2.9627,119.9001,29.25,46,5,2.14,ID,1730083988
205,fuyuan,46.4333,127.0833,6.86,57,2,3.45,CN,1730083989
206,usinsk,65.9939,57.5281,-1.66,90,55,3.15,RU,1730083990
207,arkhangel'sk,64.5401,40.5433,2.06,100,100,3.0,RU,1730083992
208,yelizovo,53.1873,158.3805,4.08,45,75,3.0,RU,1730083993
209,amarante do maranhao,-5.5667,-46.7422,28.52,39,33,0.98,BR,1730083995
210,nar'yan-mar,67.6713,53.087,-0.63,90,29,5.64,RU,1730083996
211,ascencion de guarayos,-15.8963,-63.1881,22.23,85,47,0.93,BO,1730083997
212,talnakh,69.4865,88.3972,-10.78,95,100,4.98,RU,1730083998
213,wagar,16.1525,36.2032,27.61,71,47,2.52,SD,1730083999
214,sandnessjoen,66.0217,12.6316,7.12,64,100,11.55,NO,1730084000
215,mossel bay,-34.1831,22.146,14.96,84,72,12.13,ZA,1730084001
216,geraldton,-28.7667,114.6,33.23,14,0,6.69,AU,1730084002
217,luoyang,34.6836,112.4536,18.15,47,0,0.9,CN,1730084004
218,machico,32.7,-16.7667,20.4,80,40,7.2,PT,1730084005
219,pangody,65.85,74.4859,-2.47,97,100,2.95,RU,1730084006
220,luderitz,-26.6481,15.1594,12.4,74,49,5.23,NA,1730084007
221,nueva esperanza,15.2667,-87.6,22.7,99,100,0.94,HN,1730084008
222,st. john's,47.5649,-52.7093,4.98,89,75,4.63,CA,1730083935
223,kalevala,65.2,31.1667,6.71,88,100,6.92,RU,1730084010
224,afaahiti,-17.75,-149.2833,23.45,74,89,5.96,PF,1730084012
225,cidreira,-30.1811,-50.2056,18.78,69,0,7.0,BR,1730084013
226,shendi,16.6915,33.4341,26.72,17,0,3.92,SD,1730084014
227,isla mujeres,21.2311,-86.731,25.65,73,100,5.59,MX,1730084015
228,nuuk,64.1835,-51.7216,-1.66,80,75,2.06,GL,1730084016
229,ar rutbah,33.0381,40.2848,11.89,31,0,1.15,IQ,1730084017
230,kourou,5.1552,-52.6478,26.08,74,18,4.38,GF,1730084018
231,fada,7.25,4.0667,23.13,97,100,0.63,NG,1730084020
232,bubaque,11.2833,-15.8333,27.66,79,51,5.1,GW,1730084021
233,dwarka,22.2394,68.9678,29.38,68,67,4.41,IN,1730084022
234,vila velha,-20.3297,-40.2925,22.75,81,100,6.69,BR,1730083760
235,crane,31.3974,-102.3501,24.1,32,0,9.65,US,1730084024
236,alotau,-10.3069,150.4462,31.01,61,82,2.55,PG,1730084025
237,mata-utu,-13.2816,-176.1745,27.37,79,100,6.59,WF,1730084026
238,flying fish cove,-10.4217,105.6791,27.82,74,40,5.14,CX,1730084028
239,patterson,37.4716,-121.1297,20.97,69,100,2.5,US,1730083895
240,san antonio de pale,-1.4014,5.6325,25.56,85,100,6.94,GQ,1730084030
241,dul'durga,50.6761,113.5931,2.7,67,100,1.15,RU,1730084032
242,manismata,-2.4667,111.0333,33.55,47,70,2.21,ID,1730084033
243,chonchi,-42.6128,-73.8092,8.4,96,9,1.19,CL,1730084036
244,hargeysa,9.56,44.065,18.01,95,96,3.15,SO,1730084037
245,hithadhoo,-0.6,73.0833,27.93,76,100,5.41,MV,1730084038
246,hadibu,12.65,54.0333,26.29,78,40,2.76,YE,1730084039
247,amahai,-3.3333,128.9167,28.48,73,67,2.32,ID,1730084040
248,sitka,57.0531,-135.33,8.94,71,40,4.63,US,1730084041
249,tolanaro,-25.0319,46.9987,24.04,94,20,7.2,MG,1730084042
250,san mariano,7.5,126.0,30.55,58,100,2.69,PH,1730084044
251,alaghsas,17.0187,8.0168,24.06,19,0,4.32,NE,1730084045
252,nova vicosa,-17.8919,-39.3719,24.29,84,86,1.77,BR,1730083934
253,newman,37.3138,-121.0208,20.02,69,100,3.58,US,1730084047
254,kuta,-8.7233,115.1723,29.97,74,20,3.09,ID,1730084048
255,esquina,-30.0144,-59.5272,15.5,70,23,2.32,AR,1730083865
256,mumford,5.2618,-0.759,25.53,86,16,2.2,GH,1730084050
257,anapa,44.8908,37.3239,8.19,93,40,2.0,RU,1730084051
258,suva,-18.1416,178.4415,27.71,74,40,3.6,FJ,1730084053
259,yuzhno-kurilsk,44.0306,145.8556,9.64,86,99,10.38,RU,1730084054
260,tateyama,34.9833,139.8667,19.96,88,75,2.06,JP,1730084055
261,severo-yeniseyskiy,60.3725,93.0408,-2.35,96,96,0.63,RU,1730084056
262,cabo san lucas,22.8909,-109.9124,25.6,67,2,3.27,MX,1730083764
263,ugoofaaru,5.6667,73.0,27.8,80,100,7.36,MV,1730084059
264,tura,25.5198,90.2201,26.68,67,0,0.46,IN,1730084061
265,al artawiyah,26.5053,45.3444,18.9,42,31,3.31,SA,1730084062
266,abadan,30.3392,48.3043,16.97,29,0,4.12,IR,1730084063
267,khromtau,50.2503,58.4347,0.31,87,97,3.72,KZ,1730084064
268,paraty,-23.2178,-44.7131,18.62,97,100,0.75,BR,1730083994
269,villa gesell,-37.2639,-56.973,15.48,75,97,7.21,AR,1730084066
270,murghob,38.1702,73.9667,-0.12,74,70,2.8,TJ,1730084067
271,island harbour,50.724,-1.2758,13.34,69,100,1.79,GB,1730084068
272,sabinas,27.85,-101.1167,24.34,49,0,4.62,MX,1730084070
273,burutu,5.3509,5.5076,25.27,90,79,1.08,NG,1730084071
274,churapcha,62.0025,132.4325,-15.7,85,88,1.0,RU,1730084072
275,badger,64.8,-147.5333,-13.05,85,20,2.57,US,1730084073
276,santa luzia,-19.7697,-43.8514,20.5,99,100,2.57,BR,1730084074
277,ust-nera,64.5667,143.2,-16.54,94,89,2.12,RU,1730084075
278,ardestan,33.3761,52.3694,10.39,52,7,0.6,IR,1730084076
279,grand falls-windsor,48.9332,-55.6649,0.84,88,53,5.09,CA,1730084078
280,gulf shores,30.246,-87.7008,22.79,1,0,2.51,US,1730084079
281,nikel,69.4128,30.222,6.04,91,100,9.3,RU,1730084080
282,enshi,30.3,109.4833,19.83,56,1,0.6,CN,1730084081
283,port augusta,-32.5,137.7667,24.21,29,0,8.48,AU,1730084082
284,ntcheu,-14.8203,34.6359,21.38,60,100,1.87,MW,1730084084
285,truth or consequences,33.1284,-107.2528,25.13,17,0,3.6,US,1730084086
286,gadzhiyevo,69.2551,33.3362,6.22,88,100,9.79,RU,1730084087
287,tselinnoye,53.0833,85.6667,5.06,90,100,2.24,RU,1730084088
288,sofifi,0.7349,127.576,30.01,68,92,4.7,ID,1730084089
289,carutapera,-1.195,-46.02,25.17,81,9,3.2,BR,1730084090
290,iwaki,37.05,140.8833,19.0,70,98,2.85,JP,1730084091
291,colombo,6.9319,79.8478,24.97,81,100,3.5,LK,1730083837
292,izluchinsk,60.9794,76.9242,-0.99,95,86,1.61,RU,1730084094
293,humaita,-7.5061,-63.0208,22.78,99,88,1.27,BR,1730084095
294,mitsamiouli,-11.3847,43.2844,25.96,82,4,5.07,KM,1730084096
295,saint-philippe,-21.3585,55.7679,24.74,83,43,3.08,RE,1730084097
296,prince rupert,54.3161,-130.3201,8.83,92,100,7.2,CA,1730084098
297,kouango,4.9934,19.9619,21.47,97,33,0.4,CF,1730084099
298,minas de marcona,-15.2119,-75.1103,13.13,84,13,3.94,PE,1730084100
299,hafar al-batin,28.4328,45.9708,17.32,67,0,2.06,SA,1730084101
300,georgetown,5.4112,100.3354,29.97,82,20,1.03,MY,1730083996
301,tabou,4.423,-7.3528,24.7,91,98,3.34,CI,1730084104
302,arno,60.1167,18.6333,6.18,78,0,6.87,SE,1730084105
303,altamont,42.2068,-121.7372,6.91,71,100,5.14,US,1730084106
304,al kharj,24.155,47.3346,20.32,39,0,2.38,SA,1730083912
305,palmeira,-25.4294,-50.0064,14.26,85,99,3.94,BR,1730084108
306,'ain merane,36.1628,0.9704,12.45,87,100,0.82,DZ,1730084109
307,noumea,-22.2763,166.4572,24.55,62,0,9.81,NC,1730084110
308,pauini,-7.7136,-66.9764,22.39,98,99,1.06,BR,1730084112
309,kattivakkam,13.2167,80.3167,30.54,86,54,2.24,IN,1730084113
310,tamandare,-8.7597,-35.1047,25.93,76,93,5.3,BR,1730083995
311,karratha,-20.7377,116.8463,38.56,16,2,0.5,AU,1730084115
312,tazacorte,28.629,-17.9293,19.54,83,75,3.6,ES,1730084116
313,fortuna,40.5982,-124.1573,11.1,93,0,0.0,US,1730084117
314,shimoda,34.6667,138.95,21.37,89,100,3.62,JP,1730084118
315,aasiaat,68.7098,-52.8699,-16.85,78,20,3.13,GL,1730084120
316,prince george,53.9166,-122.753,5.34,91,20,1.54,CA,1730084121
317,enewetak,11.3474,162.3373,28.6,77,64,4.46,MH,1730084122
318,verkhnevilyuysk,63.4453,120.3167,-9.47,92,100,3.06,RU,1730084123
319,igarka,67.4667,86.5833,-9.62,95,100,5.44,RU,1730084125
320,guiuan,11.0333,125.7247,28.84,75,100,7.01,PH,1730084126
321,rio claro,-22.4114,-47.5614,17.62,85,78,3.52,BR,1730084128
322,antsirabe,-19.85,47.0333,17.89,72,27,1.42,MG,1730084129
323,taal,13.9,120.9333,29.4,72,97,6.05,PH,1730084130
324,maceio,-9.6658,-35.7353,24.69,83,75,2.06,BR,1730083892
325,porto murtinho,-21.6989,-57.8825,24.84,50,77,1.78,BR,1730084132
326,constantia,44.1833,28.65,6.38,81,37,4.5,RO,1730084133
327,kirakira,-10.4544,161.9205,29.58,71,89,4.06,SB,1730084134
328,kolonia,50.9333,6.95,14.98,92,100,1.54,DE,1730084136
329,richards bay,-28.783,32.0377,19.88,86,83,3.69,ZA,1730084137
330,plettenberg bay,-34.0527,23.3716,15.15,91,84,11.95,ZA,1730084138
331,pervomayskoye,43.919,46.7102,5.24,67,52,1.75,RU,1730084139
332,sant'agata di militello,38.0679,14.6327,19.67,74,100,2.57,IT,1730084140
333,ust'-kulom,61.6864,53.6902,-1.05,96,66,0.9,RU,1730084141
334,remontnoye,46.5614,43.6501,4.33,65,72,2.63,RU,1730084142
335,berdsk,54.7551,83.0967,4.8,74,100,1.1,RU,1730084144
336,zhangjiajie,29.1294,110.4783,21.25,50,96,0.99,CN,1730084145
337,funtua,11.5233,7.3081,19.28,33,10,3.33,NG,1730084146
338,hotan,37.0997,79.9269,12.31,23,27,5.15,CN,1730084147
339,great falls,47.5002,-111.3008,9.66,57,0,7.72,US,1730084148
340,ilebo,-4.3167,20.5833,22.84,87,60,0.45,CD,1730084149
341,ternate,0.8,127.4,28.81,72,92,5.1,ID,1730083896
342,clyde,41.3042,-82.9752,8.79,75,8,2.85,US,1730084152
343,khorixas,-20.3667,14.9667,9.98,74,74,1.29,NA,1730084154
344,xingcheng,40.6167,120.7167,12.13,46,0,1.47,CN,1730084133
345,rosarito,32.3333,-117.0333,17.51,84,91,0.56,MX,1730084156
346,homer,59.6425,-151.5483,1.54,67,98,1.58,US,1730084157
347,bonthe,7.5264,-12.505,25.52,88,3,1.86,SL,1730084158
348,klaeng,12.7797,101.6483,24.9,95,100,2.04,TH,1730084160
349,tsiombe,-25.3,45.4833,23.77,87,88,2.84,MG,1730084162
350,baker city,44.7749,-117.8344,7.84,76,100,2.57,US,1730084163
351,chernyshevsk,52.5243,117.0174,-1.68,76,39,1.41,RU,1730084164
352,ormara,25.2088,64.6357,29.44,44,42,4.13,PK,1730084165
353,east ballina,-28.8667,153.5833,23.86,51,100,2.45,AU,1730084166
354,bosobolo,4.1833,19.9,21.29,98,20,0.88,CD,1730084168
355,la ronge,55.1001,-105.2842,4.14,70,100,9.77,CA,1730084169
356,mandalgovi,45.7625,106.2708,4.12,54,0,8.36,MN,1730084174
357,scottburgh,-30.2867,30.7532,17.47,69,4,2.63,ZA,1730084175
358,batarasa,8.6617,117.6222,30.69,66,49,3.25,PH,1730084176
359,miracema do tocantins,-9.5618,-48.3967,27.52,64,94,1.51,BR,1730084178
360,saint-pierre,-21.3393,55.4781,23.82,69,0,1.03,RE,1730084179
361,shiogama,38.3167,141.0333,17.99,57,100,3.65,JP,1730084119
362,tindouf,27.6711,-8.1474,15.25,67,0,5.14,DZ,1730084182
363,vancouver,49.2497,-123.1193,10.57,87,75,4.12,CA,1730083808
364,remire-montjoly,4.9167,-52.2667,24.02,94,20,0.0,GF,1730084184
365,kristiansund,63.1115,7.732,6.74,70,75,10.29,NO,1730084185
366,qarqaraly,49.4058,75.4742,2.84,73,68,10.42,KZ,1730084186
367,rabo de peixe,37.8,-25.5833,17.77,99,75,2.57,PT,1730084187
368,dudinka,69.4058,86.1778,-9.92,94,100,7.68,RU,1730084188
369,abou el hassan,36.4166,1.1962,13.69,79,100,1.28,DZ,1730084189
370,kavalerovo,44.2661,135.0572,6.24,56,8,5.91,RU,1730084191
371,rongelap,11.1635,166.8941,28.67,77,71,2.9,MH,1730084192
372,moree,-29.4667,149.85,29.62,24,7,3.94,AU,1730084193
373,torres,-29.3353,-49.7269,15.19,79,1,2.71,BR,1730084194
374,kingscliff,-28.2667,153.5667,23.89,64,100,4.63,AU,1730084195
375,ponte de lima,41.7672,-8.5839,9.56,89,0,1.88,PT,1730084196
376,guerrero negro,27.9769,-114.0611,18.52,85,0,4.34,MX,1730084197
377,soio,-6.1349,12.3689,24.89,87,100,5.36,AO,1730084198
378,smithers,54.7804,-127.1743,4.18,100,100,1.03,CA,1730084200
379,mil'kovo,55.6078,37.7956,6.86,91,59,2.42,RU,1730084201
380,grand forks,47.9417,-97.4337,9.82,65,0,4.12,US,1730084202
381,koster,-25.863,26.8976,10.08,40,86,2.65,ZA,1730084203
382,mukalla,14.5425,49.1242,26.07,78,26,2.03,YE,1730084204
383,fale old settlement,-9.3852,-171.2468,27.81,76,100,6.52,TK,1730084205
384,berriozar,42.8429,-1.6697,7.9,100,23,1.03,ES,1730084206
385,abashiri,44.0213,144.2697,9.16,81,75,4.63,JP,1730084207
386,huilong,31.8111,121.655,18.58,70,100,5.93,CN,1730084113
387,nazyvayevsk,55.5698,71.3529,1.14,87,83,4.36,RU,1730084210
388,bikenibeu village,1.3673,173.1241,30.98,66,20,3.6,KI,1730084211
389,manokwari,-0.8667,134.0833,29.05,67,62,5.36,ID,1730084212
390,manchester,53.4809,-2.2374,12.69,91,100,3.6,GB,1730083618
391,laojunmiao,39.8333,97.7333,9.64,26,0,3.76,CN,1730084214
392,kulhudhuffushi,6.6221,73.07,27.56,78,100,7.83,MV,1730084215
393,mount pearl,47.5166,-52.7813,4.52,90,75,4.63,CA,1730084216
394,troitsk,54.0979,61.5773,1.08,94,96,2.41,RU,1730084218
395,waingapu,-9.6567,120.2641,31.54,59,8,5.28,ID,1730084119
396,mersa matruh,31.3525,27.2453,21.11,56,75,4.12,EG,1730084220
397,launceston,-41.45,147.1667,18.8,36,21,5.14,AU,1730084221
398,kralendijk,12.15,-68.2667,28.99,79,75,5.66,BQ,1730084222
399,villa regina,-39.1,-67.0667,23.39,7,76,3.82,AR,1730084223
400,laguna,38.421,-121.4238,20.13,69,75,7.2,US,1730084224
401,south grafton,-29.7,152.95,28.81,36,30,1.94,AU,1730084226
402,nioro du rip,13.75,-15.8,24.5,58,29,2.73,SN,1730084227
403,banes,20.9625,-75.7186,25.47,86,100,6.37,CU,1730084228
404,xiabaishi,26.8153,119.6792,19.23,89,100,1.87,CN,1730084229
405,baihe,22.15,107.2333,19.92,68,100,3.49,CN,1730084230
406,kenai,60.5544,-151.2583,-1.59,74,0,0.0,US,1730084231
407,magadan,59.5667,150.8,-6.69,43,38,3.13,RU,1730084211
408,sao vicente,-23.9631,-46.3919,18.88,26,100,3.53,BR,1730084020
409,tepalcatepec,19.1833,-102.85,24.33,63,0,1.36,MX,1730084236
410,carbonear,47.7332,-53.2148,4.45,87,98,6.81,CA,1730084237
411,asaita,11.5636,41.4394,26.57,59,41,2.17,ET,1730084238
412,vadso,70.0744,29.7487,7.09,87,75,8.23,NO,1730084239
413,coquimbo,-29.9533,-71.3436,13.85,90,100,1.54,CL,1730084240
414,peace river,56.2501,-117.286,-2.83,86,0,1.03,CA,1730084242
415,nemuro,43.3236,145.575,11.41,77,49,11.09,JP,1730084243
416,biltine,14.5333,20.9167,24.8,18,100,5.17,TD,1730084244
417,plast,54.3691,60.8136,-0.06,92,86,2.47,RU,1730084245
418,fort bragg,35.139,-79.006,13.91,85,0,1.54,US,1730084246
419,lucapa,-8.4192,20.7447,18.59,97,99,0.36,AO,1730084247
420,daund,18.4667,74.6,25.16,63,32,1.43,IN,1730084248
421,huntsville,34.7304,-86.5861,16.22,90,0,3.58,US,1730084005
422,fallon,39.4735,-118.7774,17.93,40,0,9.77,US,1730084251
423,youghal,51.95,-7.8506,13.64,100,100,6.01,IE,1730084252
424,chapada dos guimaraes,-15.4606,-55.7497,21.49,89,94,1.31,BR,1730084253
425,changping,40.2186,116.2197,15.54,27,0,1.45,CN,1730084104
426,villa juarez,24.6536,-107.5411,22.9,88,0,1.18,MX,1730084255
427,dunedin,-45.8742,170.5036,11.0,82,100,1.34,NZ,1730084256
428,belmonte,-15.8631,-38.8828,24.33,81,95,2.4,BR,1730084257
429,mtambile,-5.3833,39.7,26.13,77,60,3.77,TZ,1730084259
430,kostanay,53.1667,63.5833,0.16,100,100,2.0,KZ,1730084260
431,chibougamau,49.9168,-74.3659,-2.21,69,100,5.66,CA,1730084261
432,lorengau,-2.0226,147.2712,29.38,78,4,4.67,PG,1730084262
433,cannonvale,-20.2833,148.7,25.66,60,19,6.37,AU,1730084263
434,chak one hundred twenty nine left,30.4333,73.05,26.66,35,12,3.75,PK,1730084264
435,madang,-5.2246,145.7966,30.47,63,16,3.2,PG,1730084265
436,kanniyakumari,8.0833,77.5667,27.66,74,61,5.3,IN,1730084266
437,miles city,46.4083,-105.8406,11.54,37,0,3.6,US,1730084268
438,kiruna,67.8557,20.2251,-0.49,93,72,4.63,SE,1730084269
439,anastacio,-20.4836,-55.8069,24.52,80,27,0.87,BR,1730084270
440,sirvintos,55.05,24.95,10.34,88,95,5.15,LT,1730084271
441,vilyuchinsk,52.9306,158.4028,4.15,58,47,1.43,RU,1730084272
442,wynyard,-41.0,145.7167,17.33,56,44,1.34,AU,1730084273
443,qalat,32.1058,66.9083,13.81,23,6,2.6,AF,1730084274
444,yerofey pavlovich,53.9667,121.9667,0.98,55,19,1.25,RU,1730084276
445,benghazi,32.1167,20.0667,20.23,57,0,4.07,LY,1730084116
446,maymana,35.9214,64.7836,9.04,77,100,3.81,AF,1730084278
447,pehcevo,41.7594,22.8906,7.77,50,27,1.32,MK,1730084279
448,muskegon,43.3,-86.1334,12.1,70,20,2.06,US,1730084281
449,harnosand,62.6323,17.9379,-1.0,77,14,5.48,SE,1730084282
450,bayang,7.7928,124.1917,27.52,61,100,2.52,PH,1730084284
451,linden,6.0,-58.3,23.42,95,52,1.41,GY,1730084285
452,siilinjarvi,63.0833,27.6667,8.49,93,100,8.23,FI,1730084286
453,beira,-19.8436,34.8389,24.05,73,75,1.03,MZ,1730084287
454,greymouth,-42.4667,171.2,13.59,64,47,4.4,NZ,1730084288
455,ibirama,-27.0569,-49.5178,16.06,92,75,1.1,BR,1730084289
456,tynda,55.1667,124.7167,-2.91,74,52,0.68,RU,1730084125
457,orillia,44.6087,-79.4207,5.94,92,100,3.09,CA,1730084292
458,lakatoro,-16.0999,167.4164,27.5,77,80,4.73,VU,1730084293
459,kargasok,59.0556,80.8572,1.32,94,93,1.87,RU,1730084294
460,ancud,-41.8697,-73.8203,7.86,85,1,1.79,CL,1730084296
461,malmberget,67.1753,20.6549,1.31,100,20,3.09,SE,1730084298
462,tarko-sale,64.9225,77.785,-3.89,97,100,3.88,RU,1730084299
463,leh,34.1667,77.5833,4.96,31,0,1.54,IN,1730084300
464,vernon,50.2581,-119.2691,10.52,64,91,3.6,CA,1730084301
465,meadow lake,34.8014,-106.5436,19.71,28,67,3.54,US,1730084302
466,sechura,-5.5569,-80.8222,18.24,82,36,5.07,PE,1730084303
467,zyryanovsk,49.7386,84.2719,5.84,84,100,0.58,KZ,1730084304
468,dalandzadgad,43.5708,104.425,7.81,43,8,6.73,MN,1730084306
469,bassar,9.25,0.7833,22.15,71,63,1.35,TG,1730084307
470,chokwe,-24.5333,32.9833,26.22,67,97,5.08,MZ,1730084308
471,quatre cocos,-20.2078,57.7625,23.94,85,45,2.52,MU,1730084309
472,new norfolk,-42.7826,147.0587,17.18,38,70,5.25,AU,1730084232
473,neryungri,56.6709,124.6491,-2.78,83,91,0.69,RU,1730084224
474,bhimunipatnam,17.8833,83.4333,27.73,73,6,1.48,IN,1730084313
475,tual,-5.6667,132.75,24.75,90,94,2.82,ID,1730084314
476,smara,26.7384,-11.6719,16.46,88,0,5.21,EH,1730084315
477,mejit,10.2753,170.8646,28.68,75,17,2.42,MH,1730084316
478,sarandi del yi,-33.35,-55.6333,14.74,78,100,3.37,UY,1730084317
479,yemetsk,63.4721,41.7941,-0.24,93,68,3.37,RU,1730084318
480,rio grande,-32.035,-52.0986,15.98,76,0,4.33,BR,1730084319
481,la sarre,48.8002,-79.1996,-4.23,75,9,1.54,CA,1730084320
482,bokovskaya,49.229,41.8306,6.35,64,100,2.65,RU,1730084322
483,fontanelas,38.8472,-9.4372,12.87,73,0,4.21,PT,1730084323
484,westport,41.1415,-73.3579,8.19,52,95,0.89,US,1730084324
485,kudahuvadhoo,2.6708,72.8944,28.24,69,100,6.83,MV,1730084325
486,jayapura,-2.5333,140.7,29.66,67,54,2.68,ID,1730084326
487,xiahu,26.6106,119.9483,20.42,83,100,4.3,CN,1730084327
488,lubang,13.8584,120.124,28.46,77,92,5.89,PH,1730084328
489,winchester,51.0651,-1.3187,12.58,93,100,4.12,GB,1730084330
490,laboulaye,-34.1266,-63.3912,16.3,54,0,4.79,AR,1730084331
491,bereket,39.2446,55.5154,7.79,71,4,0.89,TM,1730084332
492,lanzhou,36.0564,103.7922,13.02,43,5,0.74,CN,1730084333
493,margate,51.3813,1.3862,12.61,90,100,7.05,GB,1730084070
494,mugia,43.1041,-9.2179,12.17,82,98,8.59,ES,1730084335
495,linxia chengguanzhen,35.6003,103.2064,9.12,50,0,1.02,CN,1730084336
496,canavieiras,-15.675,-38.9472,23.95,82,100,1.96,BR,1730084338
497,along,28.1667,94.7667,21.81,67,25,0.17,IN,1730084339
498,murudeshwara,14.0943,74.4845,27.78,59,54,1.54,IN,1730084340
499,naze,28.3667,129.4833,28.51,75,17,4.34,JP,1730084237
500,grootfontein,-19.5667,18.1167,15.31,16,0,4.72,NA,1730084342
501,kotido,2.9806,34.1331,21.37,74,57,4.26,UG,1730084343
502,boa vista,2.8197,-60.6733,29.99,54,0,3.6,BR,1730084079
503,wuyang,31.9925,116.2472,19.78,55,52,1.53,CN,1730084346
504,pierre,44.3683,-100.351,17.51,36,0,5.66,US,1730084083
505,tuy hoa,13.0833,109.3,25.0,85,100,3.91,VN,1730084348
506,katsuren-haebaru,26.3369,127.8719,30.61,67,40,5.14,JP,1730084349
507,bushehr,28.9684,50.8385,21.05,52,0,3.09,IR,1730084350
508,butha-buthe,-28.8333,28.5,2.03,62,4,0.78,LS,1730084351
509,santa terezinha,-29.9002,-50.0904,17.75,72,0,6.61,BR,1730084352
510,balabac,7.9868,117.0645,29.59,70,65,3.03,PH,1730084354
511,tadine,-21.55,167.8833,24.08,65,82,5.1,NC,1730084355
512,manay,7.215,126.5397,29.53,64,100,3.09,PH,1730084214
513,istgah-e rah ahan-e garmsar,35.2346,52.3094,12.01,52,0,1.38,IR,1730084357
514,tutoia,-2.7619,-42.2744,26.36,81,3,6.5,BR,1730084358
515,ginir,7.1333,40.7,14.94,91,100,0.95,ET,1730084359
516,phongsali,21.6833,102.1058,23.02,46,0,1.28,LA,1730084201
517,tash-kumyr,41.3461,72.2171,7.71,95,100,3.79,KG,1730084363
518,hailar,49.2,119.7,5.78,57,32,3.74,CN,1730084364
519,khovd,48.0056,91.6419,4.88,48,100,0.88,MN,1730084365
520,argo,37.6333,22.7333,14.43,51,0,1.87,GR,1730084366
521,prado,-17.3411,-39.2208,24.53,82,85,3.05,BR,1730084367
522,cornelio procopio,-23.1811,-50.6467,17.39,77,94,5.32,BR,1730084368
523,den burg,53.0542,4.7972,12.98,88,75,5.66,NL,1730084370
524,xilin hot,43.9667,116.0333,8.21,45,100,4.08,CN,1730084371
525,rio de janeiro,-22.9028,-43.2075,22.0,83,100,1.54,BR,1730083623
526,guasdualito,7.2424,-70.7324,27.98,83,20,2.06,VE,1730084373
527,raduzhny,62.0961,77.475,0.07,97,100,0.81,RU,1730084374
528,ghadamis,30.1337,9.5007,22.68,24,100,2.47,LY,1730084375
529,knyaze-volkonskoye,48.4642,135.4567,5.19,51,89,4.14,RU,1730084376
530,bandarbeyla,9.4942,50.8122,25.89,87,28,3.27,SO,1730084379
531,indramayu,-6.3264,108.32,31.14,57,33,2.31,ID,1730084105
532,vanino,49.0869,140.2543,6.27,37,35,2.01,RU,1730084381
533,gornopravdinsk,60.05,69.9,-0.41,97,100,0.86,RU,1730084382
534,kavaratti,10.5669,72.642,27.68,68,69,1.13,IN,1730084383
535,kuanda,56.3161,116.0806,-2.32,88,97,0.52,RU,1730084384
536,sandi,27.3,79.95,27.16,58,0,1.72,IN,1730084385
537,sao pedro do sul,-29.6206,-54.1789,12.46,75,0,2.56,BR,1730084387
538,kabalo,-6.05,26.9167,21.6,93,99,0.32,CD,1730084388
539,cockburn town,21.4612,-71.1419,28.1,74,59,10.42,TC,1730084389
540,el calafate,-50.3408,-72.2768,6.47,87,41,8.86,AR,1730084390
541,hashtrud,37.4779,47.0508,1.92,86,0,1.41,IR,1730084391
542,burang,30.25,81.1667,6.27,42,0,1.97,CN,1730084392
543,da nang,16.0678,108.2208,24.99,78,75,1.54,VN,1730084111
544,bintulu,3.1667,113.0333,31.23,74,20,1.03,MY,1730084395
545,marsh harbour,26.5412,-77.0636,25.01,71,91,5.78,BS,1730084396
546,elliot lake,46.3834,-82.6331,0.47,95,98,3.31,CA,1730084397
547,mazamari,-11.3258,-74.5308,21.66,99,100,0.17,PE,1730084398
548,sao marcos,-28.9711,-51.0681,12.89,95,0,1.5,BR,1730084399
549,zorritos,-3.6805,-80.6782,21.73,79,79,2.2,PE,1730084400
550,ponta delgada,37.7333,-25.6667,18.44,77,75,2.57,PT,1730084402
551,sibay,52.7181,58.6658,1.19,90,100,2.51,RU,1730084403
552,iquique,-20.2208,-70.1431,16.41,82,37,0.41,CL,1730084039
553,chinde,26.8212,87.7095,25.64,68,1,0.69,NP,1730084405
554,fort-shevchenko,44.5086,50.263,9.65,64,16,4.97,KZ,1730084407
555,riviere-du-loup,47.8304,-69.5342,1.49,55,99,1.03,CA,1730084408
556,bay city,43.5945,-83.8889,8.12,64,0,2.57,US,1730084210
557,viransehir,37.2353,39.7631,12.39,27,0,1.99,TR,1730084117
558,brandon,27.9378,-82.2859,22.21,83,0,0.45,US,1730084266
559,nieuw amsterdam,5.8833,-55.0833,25.89,79,100,4.86,SR,1730084412
560,jawhar,2.7809,45.5005,23.66,91,92,1.96,SO,1730084413
561,narvik,68.4384,17.4272,4.03,87,91,5.14,NO,1730084414
562,anloga,5.7947,0.8973,26.3,85,6,3.56,GH,1730084417
563,puerto deseado,-47.7503,-65.8938,12.79,39,39,4.64,AR,1730084418
564,ongjin,37.9347,125.3619,17.14,57,0,2.07,KP,1730084419
565,el charco,2.4769,-78.1105,24.47,94,100,1.94,CO,1730084420
566,piton saint-leu,-21.2196,55.3151,23.0,69,0,1.03,RE,1730084421
567,dalbandin,28.8947,64.4101,20.61,23,1,3.78,PK,1730084422
568,kupang,-10.1667,123.5833,35.32,59,20,4.12,ID,1730084424
